id,Geographic Area Name,White alone,Black or African American alone,American Indian and Alaska Native alone,Asian alone,Native Hawaiian and Other Pacific Islander alone,Some Other Race alone,Total ,%White ,%Black ,%American Indian,%Asian,%Other
1500000US220330001001,"Block Group 1, Census Tract 1, East Baton Rouge Parish, Louisiana",66,1427,4,1,1,5,1504,4.388297872,94.88031915,0.265957447,0.066489362,0.332446809
1500000US220330002001,"Block Group 1, Census Tract 2, East Baton Rouge Parish, Louisiana",80,1084,1,0,0,6,1171,6.83176772,92.5704526,0.085397096,0,0.512382579
1500000US220330002002,"Block Group 2, Census Tract 2, East Baton Rouge Parish, Louisiana",24,1111,3,0,0,6,1144,2.097902098,97.11538462,0.262237762,0,0.524475524
1500000US220330002003,"Block Group 3, Census Tract 2, East Baton Rouge Parish, Louisiana",13,732,0,0,0,3,748,1.737967914,97.86096257,0,0,0.401069519
1500000US220330002004,"Block Group 4, Census Tract 2, East Baton Rouge Parish, Louisiana",17,736,0,0,0,9,762,2.230971129,96.58792651,0,0,1.181102362
1500000US220330002005,"Block Group 5, Census Tract 2, East Baton Rouge Parish, Louisiana",65,1303,6,1,0,13,1388,4.682997118,93.87608069,0.432276657,0.07204611,0.936599424
1500000US220330002006,"Block Group 6, Census Tract 2, East Baton Rouge Parish, Louisiana",72,1054,8,0,0,14,1148,6.271777003,91.81184669,0.696864111,0,1.219512195
1500000US220330003001,"Block Group 1, Census Tract 3, East Baton Rouge Parish, Louisiana",28,903,1,0,0,0,932,3.004291845,96.88841202,0.107296137,0,0
1500000US220330003002,"Block Group 2, Census Tract 3, East Baton Rouge Parish, Louisiana",8,451,1,0,0,0,460,1.739130435,98.04347826,0.217391304,0,0
1500000US220330004001,"Block Group 1, Census Tract 4, East Baton Rouge Parish, Louisiana",68,972,1,6,0,7,1054,6.451612903,92.22011385,0.09487666,0.569259962,0.664136622
1500000US220330004002,"Block Group 2, Census Tract 4, East Baton Rouge Parish, Louisiana",24,782,0,2,0,5,813,2.95202952,96.18696187,0,0.24600246,0.61500615
1500000US220330004003,"Block Group 3, Census Tract 4, East Baton Rouge Parish, Louisiana",14,640,0,3,0,18,675,2.074074074,94.81481481,0,0.444444444,2.666666667
1500000US220330005001,"Block Group 1, Census Tract 5, East Baton Rouge Parish, Louisiana",49,1366,0,0,0,1,1416,3.460451977,96.46892655,0,0,0.070621469
1500000US220330005002,"Block Group 2, Census Tract 5, East Baton Rouge Parish, Louisiana",36,707,0,0,0,5,748,4.812834225,94.51871658,0,0,0.668449198
1500000US220330005003,"Block Group 3, Census Tract 5, East Baton Rouge Parish, Louisiana",44,1168,5,0,0,7,1224,3.594771242,95.4248366,0.408496732,0,0.571895425
1500000US220330006011,"Block Group 1, Census Tract 6.01, East Baton Rouge Parish, Louisiana",8,941,0,0,0,6,955,0.837696335,98.53403141,0,0,0.628272251
1500000US220330006012,"Block Group 2, Census Tract 6.01, East Baton Rouge Parish, Louisiana",30,1123,0,0,0,7,1160,2.586206897,96.81034483,0,0,0.603448276
1500000US220330006013,"Block Group 3, Census Tract 6.01, East Baton Rouge Parish, Louisiana",23,817,0,0,0,0,840,2.738095238,97.26190476,0,0,0
1500000US220330006021,"Block Group 1, Census Tract 6.02, East Baton Rouge Parish, Louisiana",3,671,0,0,0,2,676,0.443786982,99.26035503,0,0,0.295857988
1500000US220330006022,"Block Group 2, Census Tract 6.02, East Baton Rouge Parish, Louisiana",16,698,3,0,0,6,723,2.213001383,96.54218534,0.414937759,0,0.829875519
1500000US220330006023,"Block Group 3, Census Tract 6.02, East Baton Rouge Parish, Louisiana",5,566,0,0,0,2,573,0.872600349,98.77835951,0,0,0.34904014
1500000US220330006024,"Block Group 4, Census Tract 6.02, East Baton Rouge Parish, Louisiana",12,855,0,0,1,4,872,1.376146789,98.05045872,0,0,0.458715596
1500000US220330006025,"Block Group 5, Census Tract 6.02, East Baton Rouge Parish, Louisiana",12,959,0,2,1,12,986,1.21703854,97.26166329,0,0.202839757,1.21703854
1500000US220330007011,"Block Group 1, Census Tract 7.01, East Baton Rouge Parish, Louisiana",59,1073,9,13,0,104,1258,4.689984102,85.29411765,0.715421304,1.033386328,8.26709062
1500000US220330007012,"Block Group 2, Census Tract 7.01, East Baton Rouge Parish, Louisiana",17,742,3,1,0,10,773,2.199223803,95.98965071,0.388098318,0.129366106,1.293661061
1500000US220330007021,"Block Group 1, Census Tract 7.02, East Baton Rouge Parish, Louisiana",44,1185,1,7,0,6,1243,3.539823009,95.33386967,0.080450523,0.56315366,0.482703138
1500000US220330007022,"Block Group 2, Census Tract 7.02, East Baton Rouge Parish, Louisiana",12,1081,2,6,0,6,1107,1.08401084,97.65130985,0.180668473,0.54200542,0.54200542
1500000US220330007023,"Block Group 3, Census Tract 7.02, East Baton Rouge Parish, Louisiana",31,634,0,2,0,8,675,4.592592593,93.92592593,0,0.296296296,1.185185185
1500000US220330009001,"Block Group 1, Census Tract 9, East Baton Rouge Parish, Louisiana",7,511,0,0,0,1,519,1.348747592,98.45857418,0,0,0.192678227
1500000US220330009002,"Block Group 2, Census Tract 9, East Baton Rouge Parish, Louisiana",26,913,3,3,0,5,950,2.736842105,96.10526316,0.315789474,0.315789474,0.526315789
1500000US220330009003,"Block Group 3, Census Tract 9, East Baton Rouge Parish, Louisiana",6,856,0,0,0,0,862,0.696055684,99.30394432,0,0,0
1500000US220330009004,"Block Group 4, Census Tract 9, East Baton Rouge Parish, Louisiana",10,1216,3,0,1,14,1244,0.803858521,97.74919614,0.241157556,0,1.125401929
1500000US220330010001,"Block Group 1, Census Tract 10, East Baton Rouge Parish, Louisiana",4,569,0,0,0,6,579,0.690846287,98.27288428,0,0,1.03626943
1500000US220330010002,"Block Group 2, Census Tract 10, East Baton Rouge Parish, Louisiana",29,1137,1,0,1,12,1180,2.457627119,96.3559322,0.084745763,0,1.016949153
1500000US220330010003,"Block Group 3, Census Tract 10, East Baton Rouge Parish, Louisiana",7,912,3,6,0,1,929,0.753498385,98.17007535,0.322927879,0.645855759,0.107642626
1500000US220330011021,"Block Group 1, Census Tract 11.02, East Baton Rouge Parish, Louisiana",83,1287,1,2,0,13,1386,5.988455988,92.85714286,0.072150072,0.144300144,0.937950938
1500000US220330011022,"Block Group 2, Census Tract 11.02, East Baton Rouge Parish, Louisiana",382,1718,2,27,0,48,2177,17.54708314,78.91593937,0.091869545,1.240238861,2.204869086
1500000US220330011031,"Block Group 1, Census Tract 11.03, East Baton Rouge Parish, Louisiana",26,840,0,2,0,6,874,2.974828375,96.10983982,0,0.228832952,0.686498856
1500000US220330011032,"Block Group 2, Census Tract 11.03, East Baton Rouge Parish, Louisiana",253,1723,9,14,0,47,2046,12.3655914,84.21309873,0.439882698,0.684261975,2.2971652
1500000US220330011041,"Block Group 1, Census Tract 11.04, East Baton Rouge Parish, Louisiana",39,1560,4,3,2,55,1663,2.345159351,93.80637402,0.240529164,0.180396873,3.307276007
1500000US220330011042,"Block Group 2, Census Tract 11.04, East Baton Rouge Parish, Louisiana",37,1032,11,1,0,160,1241,2.981466559,83.15874295,0.88638195,0.080580177,12.89282836
1500000US220330011043,"Block Group 3, Census Tract 11.04, East Baton Rouge Parish, Louisiana",45,737,20,0,1,161,964,4.668049793,76.45228216,2.074688797,0,16.70124481
1500000US220330016001,"Block Group 1, Census Tract 16, East Baton Rouge Parish, Louisiana",66,710,1,0,1,6,784,8.418367347,90.56122449,0.12755102,0,0.765306122
1500000US220330016002,"Block Group 2, Census Tract 16, East Baton Rouge Parish, Louisiana",347,497,2,6,1,4,857,40.49008168,57.99299883,0.233372229,0.700116686,0.466744457
1500000US220330016003,"Block Group 3, Census Tract 16, East Baton Rouge Parish, Louisiana",603,29,2,8,0,5,647,93.19938176,4.482225657,0.309119011,1.236476043,0.772797527
1500000US220330016004,"Block Group 4, Census Tract 16, East Baton Rouge Parish, Louisiana",511,178,2,11,1,6,709,72.07334274,25.10578279,0.282087447,1.551480959,0.846262341
1500000US220330017001,"Block Group 1, Census Tract 17, East Baton Rouge Parish, Louisiana",1482,19,3,17,1,8,1530,96.8627451,1.241830065,0.196078431,1.111111111,0.522875817
1500000US220330017002,"Block Group 2, Census Tract 17, East Baton Rouge Parish, Louisiana",381,1021,4,9,0,21,1436,26.53203343,71.10027855,0.278551532,0.626740947,1.462395543
1500000US220330017003,"Block Group 3, Census Tract 17, East Baton Rouge Parish, Louisiana",451,312,1,5,0,9,778,57.96915167,40.10282776,0.128534704,0.642673522,1.156812339
1500000US220330017004,"Block Group 4, Census Tract 17, East Baton Rouge Parish, Louisiana",942,48,4,12,1,18,1025,91.90243902,4.682926829,0.390243902,1.170731707,1.756097561
1500000US220330018001,"Block Group 1, Census Tract 18, East Baton Rouge Parish, Louisiana",598,221,6,13,0,28,866,69.05311778,25.51963048,0.692840647,1.501154734,3.233256351
1500000US220330018002,"Block Group 2, Census Tract 18, East Baton Rouge Parish, Louisiana",721,415,0,29,1,134,1300,55.46153846,31.92307692,0,2.230769231,10.30769231
1500000US220330019001,"Block Group 1, Census Tract 19, East Baton Rouge Parish, Louisiana",904,14,0,19,0,5,942,95.96602972,1.486199575,0,2.016985138,0.530785563
1500000US220330019002,"Block Group 2, Census Tract 19, East Baton Rouge Parish, Louisiana",1425,193,5,14,0,12,1649,86.4160097,11.70406307,0.303214069,0.848999394,0.727713766
1500000US220330020001,"Block Group 1, Census Tract 20, East Baton Rouge Parish, Louisiana",1514,126,4,66,0,16,1726,87.71726535,7.300115875,0.23174971,3.82387022,0.926998841
1500000US220330020002,"Block Group 2, Census Tract 20, East Baton Rouge Parish, Louisiana",1407,154,10,33,0,5,1609,87.4456184,9.571162213,0.62150404,2.050963331,0.31075202
1500000US220330022001,"Block Group 1, Census Tract 22, East Baton Rouge Parish, Louisiana",199,435,1,1,0,9,645,30.85271318,67.44186047,0.15503876,0.15503876,1.395348837
1500000US220330022002,"Block Group 2, Census Tract 22, East Baton Rouge Parish, Louisiana",20,460,2,2,0,6,490,4.081632653,93.87755102,0.408163265,0.408163265,1.224489796
1500000US220330023001,"Block Group 1, Census Tract 23, East Baton Rouge Parish, Louisiana",657,17,3,7,0,18,702,93.58974359,2.421652422,0.427350427,0.997150997,2.564102564
1500000US220330023002,"Block Group 2, Census Tract 23, East Baton Rouge Parish, Louisiana",650,24,5,6,0,6,691,94.06657019,3.473227207,0.723589001,0.868306802,0.868306802
1500000US220330023003,"Block Group 3, Census Tract 23, East Baton Rouge Parish, Louisiana",1109,29,4,10,0,14,1166,95.11149228,2.487135506,0.343053173,0.857632933,1.200686106
1500000US220330024001,"Block Group 1, Census Tract 24, East Baton Rouge Parish, Louisiana",367,728,17,42,0,112,1266,28.98894155,57.50394945,1.342812006,3.317535545,8.846761453
1500000US220330024002,"Block Group 2, Census Tract 24, East Baton Rouge Parish, Louisiana",185,982,0,13,0,34,1214,15.23887974,80.88962109,0,1.070840198,2.800658979
1500000US220330025001,"Block Group 1, Census Tract 25, East Baton Rouge Parish, Louisiana",295,151,0,15,1,3,465,63.44086022,32.47311828,0,3.225806452,0.64516129
1500000US220330025002,"Block Group 2, Census Tract 25, East Baton Rouge Parish, Louisiana",565,243,0,30,0,22,860,65.69767442,28.25581395,0,3.488372093,2.558139535
1500000US220330025003,"Block Group 3, Census Tract 25, East Baton Rouge Parish, Louisiana",21,428,2,9,1,8,469,4.47761194,91.25799574,0.426439232,1.918976546,1.70575693
1500000US220330025004,"Block Group 4, Census Tract 25, East Baton Rouge Parish, Louisiana",10,764,0,10,0,8,792,1.262626263,96.46464646,0,1.262626263,1.01010101
1500000US220330026011,"Block Group 1, Census Tract 26.01, East Baton Rouge Parish, Louisiana",1346,18,2,37,0,16,1419,94.85553206,1.268498943,0.140944327,2.607470049,1.127554616
1500000US220330026012,"Block Group 2, Census Tract 26.01, East Baton Rouge Parish, Louisiana",1080,27,1,15,0,9,1132,95.40636042,2.385159011,0.088339223,1.325088339,0.795053004
1500000US220330026013,"Block Group 3, Census Tract 26.01, East Baton Rouge Parish, Louisiana",1309,102,6,31,1,21,1470,89.04761905,6.93877551,0.408163265,2.108843537,1.428571429
1500000US220330026021,"Block Group 1, Census Tract 26.02, East Baton Rouge Parish, Louisiana",143,675,2,1,0,43,864,16.55092593,78.125,0.231481481,0.115740741,4.976851852
1500000US220330026022,"Block Group 2, Census Tract 26.02, East Baton Rouge Parish, Louisiana",498,139,3,17,0,15,672,74.10714286,20.68452381,0.446428571,2.529761905,2.232142857
1500000US220330026023,"Block Group 3, Census Tract 26.02, East Baton Rouge Parish, Louisiana",659,43,4,14,0,8,728,90.52197802,5.906593407,0.549450549,1.923076923,1.098901099
1500000US220330026024,"Block Group 4, Census Tract 26.02, East Baton Rouge Parish, Louisiana",2041,90,2,65,1,11,2210,92.35294118,4.07239819,0.090497738,2.941176471,0.497737557
1500000US220330027001,"Block Group 1, Census Tract 27, East Baton Rouge Parish, Louisiana",503,274,2,11,0,18,808,62.25247525,33.91089109,0.247524752,1.361386139,2.227722772
1500000US220330027002,"Block Group 2, Census Tract 27, East Baton Rouge Parish, Louisiana",16,711,0,0,1,11,739,2.165087957,96.21109608,0,0,1.48849797
1500000US220330028011,"Block Group 1, Census Tract 28.01, East Baton Rouge Parish, Louisiana",1100,783,16,73,5,50,2027,54.26739023,38.62851505,0.789343858,3.601381352,2.466699556
1500000US220330028012,"Block Group 2, Census Tract 28.01, East Baton Rouge Parish, Louisiana",2240,817,2,242,1,112,3414,65.61218512,23.93087288,0.058582308,7.088459285,3.280609256
1500000US220330028021,"Block Group 1, Census Tract 28.02, East Baton Rouge Parish, Louisiana",2049,299,4,239,0,46,2637,77.70193402,11.3386424,0.151687524,9.063329541,1.744406523
1500000US220330028022,"Block Group 2, Census Tract 28.02, East Baton Rouge Parish, Louisiana",1785,209,13,91,3,38,2139,83.45021038,9.770920991,0.607760636,4.254324451,1.776531089
1500000US220330030001,"Block Group 1, Census Tract 30, East Baton Rouge Parish, Louisiana",34,2968,10,1,0,40,3053,1.113658696,97.21585326,0.327546675,0.032754668,1.310186702
1500000US220330030002,"Block Group 2, Census Tract 30, East Baton Rouge Parish, Louisiana",8,1674,0,0,0,6,1688,0.473933649,99.17061611,0,0,0.355450237
1500000US220330031041,"Block Group 1, Census Tract 31.04, East Baton Rouge Parish, Louisiana",0,831,0,0,0,0,831,0,100,0,0,0
1500000US220330031042,"Block Group 2, Census Tract 31.04, East Baton Rouge Parish, Louisiana",5,485,0,1,0,0,491,1.018329939,98.77800407,0,0.203665988,0
1500000US220330031043,"Block Group 3, Census Tract 31.04, East Baton Rouge Parish, Louisiana",0,583,0,1,0,0,584,0,99.82876712,0,0.171232877,0
1500000US220330031044,"Block Group 4, Census Tract 31.04, East Baton Rouge Parish, Louisiana",7,579,0,0,0,0,586,1.194539249,98.80546075,0,0,0
1500000US220330031045,"Block Group 5, Census Tract 31.04, East Baton Rouge Parish, Louisiana",3,533,2,0,0,2,540,0.555555556,98.7037037,0.37037037,0,0.37037037
1500000US220330031046,"Block Group 6, Census Tract 31.04, East Baton Rouge Parish, Louisiana",2,422,0,0,0,0,424,0.471698113,99.52830189,0,0,0
1500000US220330031047,"Block Group 7, Census Tract 31.04, East Baton Rouge Parish, Louisiana",249,1621,3,0,1,62,1936,12.86157025,83.72933884,0.154958678,0,3.202479339
1500000US220330032011,"Block Group 1, Census Tract 32.01, East Baton Rouge Parish, Louisiana",229,505,2,7,0,8,751,30.49267643,67.2436751,0.266311585,0.932090546,1.065246338
1500000US220330032012,"Block Group 2, Census Tract 32.01, East Baton Rouge Parish, Louisiana",231,1473,3,4,0,11,1722,13.41463415,85.54006969,0.174216028,0.232288037,0.638792102
1500000US220330032013,"Block Group 3, Census Tract 32.01, East Baton Rouge Parish, Louisiana",100,984,1,3,0,3,1091,9.165902841,90.19248396,0.091659028,0.274977085,0.274977085
1500000US220330032021,"Block Group 1, Census Tract 32.02, East Baton Rouge Parish, Louisiana",306,827,1,5,2,15,1156,26.47058824,71.53979239,0.08650519,0.432525952,1.297577855
1500000US220330032022,"Block Group 2, Census Tract 32.02, East Baton Rouge Parish, Louisiana",432,1107,1,0,0,21,1561,27.67456758,70.91607944,0.064061499,0,1.34529148
1500000US220330032023,"Block Group 3, Census Tract 32.02, East Baton Rouge Parish, Louisiana",152,690,1,3,0,20,866,17.55196305,79.67667436,0.115473441,0.346420323,2.309468822
1500000US220330033001,"Block Group 1, Census Tract 33, East Baton Rouge Parish, Louisiana",11,796,0,0,0,3,810,1.358024691,98.27160494,0,0,0.37037037
1500000US220330033002,"Block Group 2, Census Tract 33, East Baton Rouge Parish, Louisiana",6,903,0,0,0,3,912,0.657894737,99.01315789,0,0,0.328947368
1500000US220330033003,"Block Group 3, Census Tract 33, East Baton Rouge Parish, Louisiana",16,1089,0,4,0,7,1116,1.433691756,97.58064516,0,0.358422939,0.627240143
1500000US220330033004,"Block Group 4, Census Tract 33, East Baton Rouge Parish, Louisiana",11,1009,1,2,0,12,1035,1.062801932,97.48792271,0.096618357,0.193236715,1.15942029
1500000US220330033005,"Block Group 5, Census Tract 33, East Baton Rouge Parish, Louisiana",9,963,1,0,0,1,974,0.924024641,98.87063655,0.102669405,0,0.102669405
1500000US220330034001,"Block Group 1, Census Tract 34, East Baton Rouge Parish, Louisiana",20,1380,1,0,0,35,1436,1.39275766,96.10027855,0.069637883,0,2.437325905
1500000US220330034002,"Block Group 2, Census Tract 34, East Baton Rouge Parish, Louisiana",64,1749,0,1,0,25,1839,3.480152257,95.10603589,0,0.054377379,1.359434475
1500000US220330034003,"Block Group 3, Census Tract 34, East Baton Rouge Parish, Louisiana",14,1266,0,0,0,2,1282,1.092043682,98.75195008,0,0,0.15600624
1500000US220330034004,"Block Group 4, Census Tract 34, East Baton Rouge Parish, Louisiana",15,676,2,1,0,5,699,2.145922747,96.70958512,0.286123033,0.143061516,0.715307582
1500000US220330034005,"Block Group 5, Census Tract 34, East Baton Rouge Parish, Louisiana",41,1157,0,1,0,4,1203,3.408146301,96.1762261,0,0.08312552,0.332502078
1500000US220330035011,"Block Group 1, Census Tract 35.01, East Baton Rouge Parish, Louisiana",59,999,0,18,0,161,1237,4.76960388,80.75990299,0,1.455133387,13.01535974
1500000US220330035012,"Block Group 2, Census Tract 35.01, East Baton Rouge Parish, Louisiana",130,701,0,6,0,185,1022,12.72015656,68.59099804,0,0.587084149,18.10176125
1500000US220330035041,"Block Group 1, Census Tract 35.04, East Baton Rouge Parish, Louisiana",15,989,1,0,2,1,1008,1.488095238,98.11507937,0.099206349,0,0.099206349
1500000US220330035042,"Block Group 2, Census Tract 35.04, East Baton Rouge Parish, Louisiana",19,849,1,0,0,3,872,2.178899083,97.36238532,0.114678899,0,0.344036697
1500000US220330035043,"Block Group 3, Census Tract 35.04, East Baton Rouge Parish, Louisiana",37,2212,8,0,2,6,2265,1.633554084,97.66004415,0.353200883,0,0.264900662
1500000US220330035044,"Block Group 4, Census Tract 35.04, East Baton Rouge Parish, Louisiana",13,1706,2,1,0,5,1727,0.752750434,98.78401853,0.115807759,0.05790388,0.289519398
1500000US220330035051,"Block Group 1, Census Tract 35.05, East Baton Rouge Parish, Louisiana",47,508,1,0,0,9,565,8.318584071,89.91150442,0.17699115,0,1.592920354
1500000US220330035052,"Block Group 2, Census Tract 35.05, East Baton Rouge Parish, Louisiana",11,1258,5,0,0,4,1278,0.860719875,98.43505477,0.391236307,0,0.312989045
1500000US220330035053,"Block Group 3, Census Tract 35.05, East Baton Rouge Parish, Louisiana",116,679,10,2,1,98,906,12.80353201,74.94481236,1.103752759,0.220750552,10.81677704
1500000US220330035054,"Block Group 4, Census Tract 35.05, East Baton Rouge Parish, Louisiana",150,908,7,2,0,131,1198,12.52086811,75.79298831,0.584307179,0.166944908,10.93489149
1500000US220330035061,"Block Group 1, Census Tract 35.06, East Baton Rouge Parish, Louisiana",73,1248,13,41,2,42,1419,5.144467935,87.94926004,0.916138125,2.889358703,2.959830867
1500000US220330035062,"Block Group 2, Census Tract 35.06, East Baton Rouge Parish, Louisiana",110,747,1,7,0,11,876,12.55707763,85.2739726,0.114155251,0.799086758,1.255707763
1500000US220330035063,"Block Group 3, Census Tract 35.06, East Baton Rouge Parish, Louisiana",98,910,0,15,0,27,1050,9.333333333,86.66666667,0,1.428571429,2.571428571
1500000US220330035064,"Block Group 4, Census Tract 35.06, East Baton Rouge Parish, Louisiana",197,1972,6,22,0,70,2267,8.689898544,86.98720776,0.264666961,0.970445523,3.087781209
1500000US220330035065,"Block Group 5, Census Tract 35.06, East Baton Rouge Parish, Louisiana",63,874,0,40,2,13,992,6.350806452,88.10483871,0,4.032258065,1.310483871
1500000US220330035071,"Block Group 1, Census Tract 35.07, East Baton Rouge Parish, Louisiana",96,1883,13,11,0,26,2029,4.731394776,92.80433711,0.640709709,0.542138985,1.281419418
1500000US220330035072,"Block Group 2, Census Tract 35.07, East Baton Rouge Parish, Louisiana",236,1675,11,15,0,37,1974,11.95542047,84.85309017,0.557244174,0.759878419,1.874366768
1500000US220330035073,"Block Group 3, Census Tract 35.07, East Baton Rouge Parish, Louisiana",97,1309,12,15,0,6,1439,6.740792217,90.96594858,0.833912439,1.042390549,0.41695622
1500000US220330036011,"Block Group 1, Census Tract 36.01, East Baton Rouge Parish, Louisiana",186,822,1,26,0,126,1161,16.02067183,70.80103359,0.086132644,2.239448751,10.85271318
1500000US220330036012,"Block Group 2, Census Tract 36.01, East Baton Rouge Parish, Louisiana",245,1151,5,130,0,28,1559,15.71520205,73.82937781,0.320718409,8.33867864,1.796023092
1500000US220330036013,"Block Group 3, Census Tract 36.01, East Baton Rouge Parish, Louisiana",260,538,11,73,0,79,961,27.05515088,55.98335068,1.144640999,7.596253902,8.220603538
1500000US220330036031,"Block Group 1, Census Tract 36.03, East Baton Rouge Parish, Louisiana",154,321,0,12,0,109,596,25.83892617,53.8590604,0,2.013422819,18.2885906
1500000US220330036032,"Block Group 2, Census Tract 36.03, East Baton Rouge Parish, Louisiana",369,1002,8,19,0,204,1602,23.03370787,62.54681648,0.49937578,1.186017478,12.7340824
1500000US220330036041,"Block Group 1, Census Tract 36.04, East Baton Rouge Parish, Louisiana",52,632,8,13,0,40,745,6.979865772,84.83221477,1.073825503,1.744966443,5.369127517
1500000US220330036042,"Block Group 2, Census Tract 36.04, East Baton Rouge Parish, Louisiana",67,1236,5,8,1,47,1364,4.91202346,90.61583578,0.366568915,0.586510264,3.445747801
1500000US220330036043,"Block Group 3, Census Tract 36.04, East Baton Rouge Parish, Louisiana",45,547,4,21,3,53,673,6.686478455,81.27786033,0.59435364,3.120356612,7.875185736
1500000US220330036044,"Block Group 4, Census Tract 36.04, East Baton Rouge Parish, Louisiana",125,830,9,90,0,252,1306,9.571209801,63.55283308,0.689127106,6.891271057,19.29555896
1500000US220330036045,"Block Group 5, Census Tract 36.04, East Baton Rouge Parish, Louisiana",83,506,12,144,1,559,1305,6.360153257,38.77394636,0.91954023,11.03448276,42.83524904
1500000US220330037011,"Block Group 1, Census Tract 37.01, East Baton Rouge Parish, Louisiana",813,816,0,91,0,46,1766,46.03624009,46.20611552,0,5.152887882,2.604756512
1500000US220330037012,"Block Group 2, Census Tract 37.01, East Baton Rouge Parish, Louisiana",416,284,2,34,0,8,744,55.91397849,38.17204301,0.268817204,4.569892473,1.075268817
1500000US220330037013,"Block Group 3, Census Tract 37.01, East Baton Rouge Parish, Louisiana",495,111,2,46,0,19,673,73.551263,16.49331352,0.29717682,6.835066865,2.823179792
1500000US220330037014,"Block Group 4, Census Tract 37.01, East Baton Rouge Parish, Louisiana",813,204,1,54,0,30,1102,73.77495463,18.51179673,0.090744102,4.900181488,2.722323049
1500000US220330037015,"Block Group 5, Census Tract 37.01, East Baton Rouge Parish, Louisiana",911,233,4,87,0,10,1245,73.17269076,18.71485944,0.321285141,6.987951807,0.803212851
1500000US220330037021,"Block Group 1, Census Tract 37.02, East Baton Rouge Parish, Louisiana",504,279,19,59,0,33,894,56.37583893,31.20805369,2.125279642,6.599552573,3.691275168
1500000US220330037022,"Block Group 2, Census Tract 37.02, East Baton Rouge Parish, Louisiana",393,791,3,52,0,32,1271,30.92053501,62.23446105,0.236034618,4.091266719,2.517702596
1500000US220330037023,"Block Group 3, Census Tract 37.02, East Baton Rouge Parish, Louisiana",654,391,3,145,1,56,1250,52.32,31.28,0.24,11.6,4.48
1500000US220330037031,"Block Group 1, Census Tract 37.03, East Baton Rouge Parish, Louisiana",334,710,9,261,0,48,1362,24.52276065,52.12922173,0.660792952,19.16299559,3.524229075
1500000US220330037032,"Block Group 2, Census Tract 37.03, East Baton Rouge Parish, Louisiana",399,687,9,150,1,42,1288,30.97826087,53.33850932,0.698757764,11.64596273,3.260869565
1500000US220330037033,"Block Group 3, Census Tract 37.03, East Baton Rouge Parish, Louisiana",423,381,7,123,1,28,963,43.92523364,39.56386293,0.726895119,12.77258567,2.907580478
1500000US220330037034,"Block Group 4, Census Tract 37.03, East Baton Rouge Parish, Louisiana",496,388,1,209,1,32,1127,44.01064774,34.42768412,0.088731145,18.54480923,2.839396628
1500000US220330037035,"Block Group 5, Census Tract 37.03, East Baton Rouge Parish, Louisiana",653,610,3,240,0,24,1530,42.67973856,39.86928105,0.196078431,15.68627451,1.568627451
1500000US220330038041,"Block Group 1, Census Tract 38.04, East Baton Rouge Parish, Louisiana",204,376,2,50,0,7,639,31.92488263,58.84194053,0.312989045,7.824726135,1.095461659
1500000US220330038042,"Block Group 2, Census Tract 38.04, East Baton Rouge Parish, Louisiana",683,239,0,15,0,17,954,71.5932914,25.0524109,0,1.572327044,1.78197065
1500000US220330038043,"Block Group 3, Census Tract 38.04, East Baton Rouge Parish, Louisiana",1646,100,0,48,0,26,1820,90.43956044,5.494505495,0,2.637362637,1.428571429
1500000US220330038044,"Block Group 4, Census Tract 38.04, East Baton Rouge Parish, Louisiana",723,159,3,118,0,16,1019,70.95191364,15.60353288,0.294406281,11.57998037,1.57016683
1500000US220330038061,"Block Group 1, Census Tract 38.06, East Baton Rouge Parish, Louisiana",1000,1069,30,59,0,107,2265,44.15011038,47.19646799,1.324503311,2.604856512,4.72406181
1500000US220330038062,"Block Group 2, Census Tract 38.06, East Baton Rouge Parish, Louisiana",358,623,2,14,0,26,1023,34.99511241,60.89931574,0.195503421,1.368523949,2.541544477
1500000US220330038071,"Block Group 1, Census Tract 38.07, East Baton Rouge Parish, Louisiana",699,161,1,82,0,4,947,73.81203801,17.00105597,0.105596621,8.658922914,0.422386484
1500000US220330038072,"Block Group 2, Census Tract 38.07, East Baton Rouge Parish, Louisiana",640,240,2,29,0,22,933,68.59592712,25.72347267,0.214362272,3.108252947,2.357984995
1500000US220330038073,"Block Group 3, Census Tract 38.07, East Baton Rouge Parish, Louisiana",756,219,2,125,0,59,1161,65.11627907,18.8630491,0.172265289,10.76658053,5.081826012
1500000US220330038074,"Block Group 4, Census Tract 38.07, East Baton Rouge Parish, Louisiana",748,22,2,8,0,6,786,95.1653944,2.798982188,0.254452926,1.017811705,0.763358779
1500000US220330038081,"Block Group 1, Census Tract 38.08, East Baton Rouge Parish, Louisiana",763,296,5,38,2,31,1135,67.2246696,26.07929515,0.440528634,3.348017621,2.731277533
1500000US220330038082,"Block Group 2, Census Tract 38.08, East Baton Rouge Parish, Louisiana",956,475,6,42,0,31,1510,63.31125828,31.45695364,0.397350993,2.781456954,2.052980132
1500000US220330038091,"Block Group 1, Census Tract 38.09, East Baton Rouge Parish, Louisiana",617,185,2,13,0,18,835,73.89221557,22.15568862,0.239520958,1.556886228,2.155688623
1500000US220330038092,"Block Group 2, Census Tract 38.09, East Baton Rouge Parish, Louisiana",670,68,1,20,0,14,773,86.67529107,8.796895213,0.129366106,2.587322122,1.811125485
1500000US220330038093,"Block Group 3, Census Tract 38.09, East Baton Rouge Parish, Louisiana",908,198,0,22,0,16,1144,79.37062937,17.30769231,0,1.923076923,1.398601399
1500000US220330038101,"Block Group 1, Census Tract 38.10, East Baton Rouge Parish, Louisiana",692,107,0,21,1,21,842,82.18527316,12.70783848,0,2.494061758,2.494061758
1500000US220330038102,"Block Group 2, Census Tract 38.10, East Baton Rouge Parish, Louisiana",1475,278,1,62,1,34,1851,79.68665586,15.0189087,0.054024851,3.349540789,1.836844949
1500000US220330038111,"Block Group 1, Census Tract 38.11, East Baton Rouge Parish, Louisiana",1144,688,1,86,0,23,1942,58.90834192,35.42739444,0.051493306,4.428424305,1.184346035
1500000US220330038112,"Block Group 2, Census Tract 38.11, East Baton Rouge Parish, Louisiana",1368,359,4,182,0,31,1944,70.37037037,18.46707819,0.205761317,9.362139918,1.594650206
1500000US220330039071,"Block Group 1, Census Tract 39.07, East Baton Rouge Parish, Louisiana",675,310,1,53,2,7,1048,64.40839695,29.58015267,0.095419847,5.057251908,0.667938931
1500000US220330039072,"Block Group 2, Census Tract 39.07, East Baton Rouge Parish, Louisiana",612,123,1,51,2,19,808,75.74257426,15.22277228,0.123762376,6.311881188,2.351485149
1500000US220330039073,"Block Group 3, Census Tract 39.07, East Baton Rouge Parish, Louisiana",736,811,3,50,2,87,1689,43.57608052,48.01657786,0.177619893,2.960331557,5.150976909
1500000US220330039074,"Block Group 4, Census Tract 39.07, East Baton Rouge Parish, Louisiana",858,1069,4,136,1,121,2189,39.1959799,48.83508451,0.182731841,6.212882595,5.527638191
1500000US220330039081,"Block Group 1, Census Tract 39.08, East Baton Rouge Parish, Louisiana",565,418,1,35,0,49,1068,52.90262172,39.13857678,0.093632959,3.277153558,4.588014981
1500000US220330039082,"Block Group 2, Census Tract 39.08, East Baton Rouge Parish, Louisiana",1119,194,0,43,0,28,1384,80.85260116,14.01734104,0,3.106936416,2.023121387
1500000US220330039083,"Block Group 3, Census Tract 39.08, East Baton Rouge Parish, Louisiana",926,601,3,140,4,35,1709,54.18373318,35.16676419,0.175541252,8.191925102,2.047981276
1500000US220330039091,"Block Group 1, Census Tract 39.09, East Baton Rouge Parish, Louisiana",16,11,0,3,0,0,30,53.33333333,36.66666667,0,10,0
1500000US220330039092,"Block Group 2, Census Tract 39.09, East Baton Rouge Parish, Louisiana",146,764,5,13,0,49,977,14.94370522,78.19856704,0.511770727,1.330603889,5.015353122
1500000US220330039093,"Block Group 3, Census Tract 39.09, East Baton Rouge Parish, Louisiana",950,1035,13,97,1,108,2204,43.10344828,46.9600726,0.589836661,4.401088929,4.900181488
1500000US220330039094,"Block Group 4, Census Tract 39.09, East Baton Rouge Parish, Louisiana",577,704,4,107,0,39,1431,40.32145353,49.19636618,0.279524808,7.477288609,2.725366876
1500000US220330039101,"Block Group 1, Census Tract 39.10, East Baton Rouge Parish, Louisiana",358,904,14,45,0,564,1885,18.99204244,47.95755968,0.74270557,2.387267905,29.9204244
1500000US220330039102,"Block Group 2, Census Tract 39.10, East Baton Rouge Parish, Louisiana",300,333,9,48,0,346,1036,28.95752896,32.14285714,0.868725869,4.633204633,33.3976834
1500000US220330039111,"Block Group 1, Census Tract 39.11, East Baton Rouge Parish, Louisiana",577,654,6,172,0,46,1455,39.65635739,44.94845361,0.412371134,11.82130584,3.161512027
1500000US220330039112,"Block Group 2, Census Tract 39.11, East Baton Rouge Parish, Louisiana",729,386,5,90,0,32,1242,58.69565217,31.07890499,0.40257649,7.246376812,2.576489533
1500000US220330039121,"Block Group 1, Census Tract 39.12, East Baton Rouge Parish, Louisiana",108,604,15,9,0,228,964,11.2033195,62.65560166,1.556016598,0.933609959,23.65145228
1500000US220330039122,"Block Group 2, Census Tract 39.12, East Baton Rouge Parish, Louisiana",77,1486,1,9,0,130,1703,4.521432766,87.25778039,0.058719906,0.528479154,7.633587786
1500000US220330039123,"Block Group 3, Census Tract 39.12, East Baton Rouge Parish, Louisiana",176,577,9,25,0,250,1037,16.97203472,55.6412729,0.867888139,2.410800386,24.10800386
1500000US220330039131,"Block Group 1, Census Tract 39.13, East Baton Rouge Parish, Louisiana",1423,480,3,159,1,60,2126,66.9332079,22.57761054,0.141110066,7.47883349,2.822201317
1500000US220330039132,"Block Group 2, Census Tract 39.13, East Baton Rouge Parish, Louisiana",1139,548,0,106,0,23,1816,62.72026432,30.17621145,0,5.837004405,1.266519824
1500000US220330039133,"Block Group 3, Census Tract 39.13, East Baton Rouge Parish, Louisiana",1008,238,0,119,2,21,1388,72.62247839,17.14697406,0,8.573487032,1.5129683
1500000US220330039141,"Block Group 1, Census Tract 39.14, East Baton Rouge Parish, Louisiana",960,484,2,156,0,37,1639,58.57230018,29.53020134,0.122025625,9.51799878,2.25747407
1500000US220330039142,"Block Group 2, Census Tract 39.14, East Baton Rouge Parish, Louisiana",927,379,2,139,1,41,1489,62.25654802,25.45332438,0.134318334,9.335124244,2.753525856
1500000US220330040101,"Block Group 1, Census Tract 40.10, East Baton Rouge Parish, Louisiana",1651,238,11,101,0,53,2054,80.37974684,11.58714703,0.535540409,4.917234664,2.580331061
1500000US220330040102,"Block Group 2, Census Tract 40.10, East Baton Rouge Parish, Louisiana",917,307,1,38,0,70,1333,68.79219805,23.03075769,0.075018755,2.850712678,5.251312828
1500000US220330040103,"Block Group 3, Census Tract 40.10, East Baton Rouge Parish, Louisiana",672,139,0,38,0,18,867,77.50865052,16.03229527,0,4.382929642,2.076124567
1500000US220330040131,"Block Group 1, Census Tract 40.13, East Baton Rouge Parish, Louisiana",336,397,2,52,2,45,834,40.28776978,47.60191847,0.239808153,6.23501199,5.395683453
1500000US220330040132,"Block Group 2, Census Tract 40.13, East Baton Rouge Parish, Louisiana",89,455,0,23,0,30,597,14.9078727,76.21440536,0,3.852596315,5.025125628
1500000US220330040133,"Block Group 3, Census Tract 40.13, East Baton Rouge Parish, Louisiana",461,446,1,50,0,36,994,46.37826962,44.86921529,0.100603622,5.030181087,3.621730382
1500000US220330040134,"Block Group 4, Census Tract 40.13, East Baton Rouge Parish, Louisiana",172,500,2,135,1,26,836,20.57416268,59.80861244,0.23923445,16.14832536,3.110047847
1500000US220330040171,"Block Group 1, Census Tract 40.17, East Baton Rouge Parish, Louisiana",336,1047,4,69,0,33,1489,22.56548019,70.31564809,0.268636669,4.633982539,2.216252518
1500000US220330040172,"Block Group 2, Census Tract 40.17, East Baton Rouge Parish, Louisiana",294,284,11,23,0,22,634,46.37223975,44.79495268,1.735015773,3.627760252,3.470031546
1500000US220330040173,"Block Group 3, Census Tract 40.17, East Baton Rouge Parish, Louisiana",747,559,5,69,0,36,1416,52.75423729,39.47740113,0.353107345,4.872881356,2.542372881
1500000US220330040181,"Block Group 1, Census Tract 40.18, East Baton Rouge Parish, Louisiana",533,726,7,50,0,43,1359,39.22001472,53.42163355,0.515084621,3.679175865,3.164091244
1500000US220330040182,"Block Group 2, Census Tract 40.18, East Baton Rouge Parish, Louisiana",241,404,2,13,0,42,702,34.33048433,57.54985755,0.284900285,1.851851852,5.982905983
1500000US220330040191,"Block Group 1, Census Tract 40.19, East Baton Rouge Parish, Louisiana",1261,705,6,150,0,34,2156,58.48794063,32.69944341,0.278293135,6.957328386,1.576994434
1500000US220330040192,"Block Group 2, Census Tract 40.19, East Baton Rouge Parish, Louisiana",1602,93,1,70,0,24,1790,89.4972067,5.195530726,0.055865922,3.910614525,1.340782123
1500000US220330040201,"Block Group 1, Census Tract 40.20, East Baton Rouge Parish, Louisiana",621,155,2,14,0,2,794,78.2115869,19.52141058,0.251889169,1.763224181,0.251889169
1500000US220330040202,"Block Group 2, Census Tract 40.20, East Baton Rouge Parish, Louisiana",1201,99,1,94,0,10,1405,85.48042705,7.046263345,0.071174377,6.690391459,0.711743772
1500000US220330040203,"Block Group 3, Census Tract 40.20, East Baton Rouge Parish, Louisiana",2070,274,7,152,1,31,2535,81.65680473,10.8086785,0.276134122,5.996055227,1.222879684
1500000US220330040211,"Block Group 1, Census Tract 40.21, East Baton Rouge Parish, Louisiana",1057,1478,3,131,0,131,2800,37.75,52.78571429,0.107142857,4.678571429,4.678571429
1500000US220330040212,"Block Group 2, Census Tract 40.21, East Baton Rouge Parish, Louisiana",877,338,6,91,1,23,1336,65.64371257,25.2994012,0.449101796,6.811377246,1.721556886
1500000US220330040221,"Block Group 1, Census Tract 40.22, East Baton Rouge Parish, Louisiana",1224,264,14,190,0,20,1712,71.4953271,15.42056075,0.817757009,11.09813084,1.168224299
1500000US220330040222,"Block Group 2, Census Tract 40.22, East Baton Rouge Parish, Louisiana",627,429,3,90,0,250,1399,44.81772695,30.66476054,0.214438885,6.433166548,17.86990708
1500000US220330040223,"Block Group 3, Census Tract 40.22, East Baton Rouge Parish, Louisiana",1258,123,8,75,0,11,1475,85.28813559,8.338983051,0.542372881,5.084745763,0.745762712
1500000US220330040231,"Block Group 1, Census Tract 40.23, East Baton Rouge Parish, Louisiana",733,139,3,120,1,29,1025,71.51219512,13.56097561,0.292682927,11.70731707,2.829268293
1500000US220330040232,"Block Group 2, Census Tract 40.23, East Baton Rouge Parish, Louisiana",355,243,10,75,1,25,709,50.07052186,34.27362482,1.410437236,10.57827927,3.526093089
1500000US220330040233,"Block Group 3, Census Tract 40.23, East Baton Rouge Parish, Louisiana",887,277,2,76,0,46,1288,68.86645963,21.50621118,0.155279503,5.900621118,3.571428571
1500000US220330040241,"Block Group 1, Census Tract 40.24, East Baton Rouge Parish, Louisiana",924,151,2,109,0,7,1193,77.45180218,12.65716681,0.167644593,9.136630344,0.586756077
1500000US220330040242,"Block Group 2, Census Tract 40.24, East Baton Rouge Parish, Louisiana",789,259,3,194,2,62,1309,60.2750191,19.78609626,0.229182582,14.82047364,4.736440031
1500000US220330040243,"Block Group 3, Census Tract 40.24, East Baton Rouge Parish, Louisiana",829,505,4,166,4,43,1551,53.44938749,32.55963894,0.25789813,10.7027724,2.7724049
1500000US220330040251,"Block Group 1, Census Tract 40.25, East Baton Rouge Parish, Louisiana",1980,159,1,139,1,18,2298,86.1618799,6.919060052,0.043516101,6.048738033,0.783289817
1500000US220330040261,"Block Group 1, Census Tract 40.26, East Baton Rouge Parish, Louisiana",3333,225,10,315,0,25,3908,85.28659161,5.757420676,0.255885363,8.060388946,0.639713408
1500000US220330040262,"Block Group 2, Census Tract 40.26, East Baton Rouge Parish, Louisiana",2275,424,1,478,0,33,3211,70.85020243,13.20460916,0.031142946,14.88632825,1.027717222
1500000US220330040271,"Block Group 1, Census Tract 40.27, East Baton Rouge Parish, Louisiana",2060,73,7,142,0,24,2306,89.33217693,3.165654814,0.303555941,6.157849089,1.040763226
1500000US220330040281,"Block Group 1, Census Tract 40.28, East Baton Rouge Parish, Louisiana",178,781,26,25,0,582,1592,11.18090452,49.05778894,1.633165829,1.570351759,36.55778894
1500000US220330040282,"Block Group 2, Census Tract 40.28, East Baton Rouge Parish, Louisiana",841,840,12,134,0,151,1978,42.51769464,42.46713852,0.606673407,6.774519717,7.633973711
1500000US220330040291,"Block Group 1, Census Tract 40.29, East Baton Rouge Parish, Louisiana",129,1630,0,33,0,43,1835,7.029972752,88.82833787,0,1.798365123,2.343324251
1500000US220330040292,"Block Group 2, Census Tract 40.29, East Baton Rouge Parish, Louisiana",662,1616,16,36,1,378,2709,24.43706165,59.65300849,0.590623846,1.328903654,13.95348837
1500000US220330040301,"Block Group 1, Census Tract 40.30, East Baton Rouge Parish, Louisiana",66,547,6,9,0,334,962,6.860706861,56.86070686,0.623700624,0.935550936,34.71933472
1500000US220330040302,"Block Group 2, Census Tract 40.30, East Baton Rouge Parish, Louisiana",953,1067,20,164,0,403,2607,36.55542769,40.92827004,0.767165324,6.290755658,15.45838128
1500000US220330040311,"Block Group 1, Census Tract 40.31, East Baton Rouge Parish, Louisiana",4017,1407,30,400,0,292,6146,65.35958347,22.8929385,0.488122356,6.50829808,4.751057598
1500000US220330042011,"Block Group 1, Census Tract 42.01, East Baton Rouge Parish, Louisiana",140,708,3,0,0,9,860,16.27906977,82.3255814,0.348837209,0,1.046511628
1500000US220330042012,"Block Group 2, Census Tract 42.01, East Baton Rouge Parish, Louisiana",91,1044,2,0,0,5,1142,7.968476357,91.41856392,0.175131349,0,0.437828371
1500000US220330042013,"Block Group 3, Census Tract 42.01, East Baton Rouge Parish, Louisiana",7,1038,1,2,0,8,1056,0.662878788,98.29545455,0.09469697,0.189393939,0.757575758
1500000US220330042014,"Block Group 4, Census Tract 42.01, East Baton Rouge Parish, Louisiana",155,617,1,1,0,3,777,19.94851995,79.40797941,0.128700129,0.128700129,0.386100386
1500000US220330042015,"Block Group 5, Census Tract 42.01, East Baton Rouge Parish, Louisiana",67,587,0,0,0,3,657,10.1978691,89.34550989,0,0,0.456621005
1500000US220330042016,"Block Group 6, Census Tract 42.01, East Baton Rouge Parish, Louisiana",23,910,2,0,0,2,937,2.454642476,97.11846318,0.213447172,0,0.213447172
1500000US220330042031,"Block Group 1, Census Tract 42.03, East Baton Rouge Parish, Louisiana",146,697,0,2,0,8,853,17.11606096,81.7116061,0,0.234466589,0.937866354
1500000US220330042032,"Block Group 2, Census Tract 42.03, East Baton Rouge Parish, Louisiana",305,716,3,2,0,5,1031,29.58292919,69.4471387,0.290979631,0.193986421,0.484966052
1500000US220330042033,"Block Group 3, Census Tract 42.03, East Baton Rouge Parish, Louisiana",265,896,5,5,1,155,1327,19.96985682,67.52072344,0.376789751,0.376789751,11.68048229
1500000US220330042041,"Block Group 1, Census Tract 42.04, East Baton Rouge Parish, Louisiana",201,583,0,2,0,20,806,24.93796526,72.3325062,0,0.248138958,2.481389578
1500000US220330042042,"Block Group 2, Census Tract 42.04, East Baton Rouge Parish, Louisiana",134,1225,0,0,0,123,1482,9.041835358,82.6585695,0,0,8.299595142
1500000US220330042043,"Block Group 3, Census Tract 42.04, East Baton Rouge Parish, Louisiana",278,1014,3,14,0,20,1329,20.91798345,76.2979684,0.225733634,1.053423627,1.504890895
1500000US220330042051,"Block Group 1, Census Tract 42.05, East Baton Rouge Parish, Louisiana",148,860,0,3,0,3,1014,14.59566075,84.81262327,0,0.295857988,0.295857988
1500000US220330042052,"Block Group 2, Census Tract 42.05, East Baton Rouge Parish, Louisiana",196,1337,2,1,0,12,1548,12.66149871,86.36950904,0.129198966,0.064599483,0.775193798
1500000US220330042053,"Block Group 3, Census Tract 42.05, East Baton Rouge Parish, Louisiana",71,643,1,4,0,15,734,9.673024523,87.60217984,0.136239782,0.544959128,2.04359673
1500000US220330042054,"Block Group 4, Census Tract 42.05, East Baton Rouge Parish, Louisiana",236,1803,1,0,1,4,2045,11.5403423,88.16625917,0.048899756,0,0.195599022
1500000US220330043011,"Block Group 1, Census Tract 43.01, East Baton Rouge Parish, Louisiana",389,180,1,4,0,9,583,66.7238422,30.87478559,0.171526587,0.686106346,1.54373928
1500000US220330043012,"Block Group 2, Census Tract 43.01, East Baton Rouge Parish, Louisiana",1808,447,9,11,0,27,2302,78.54039965,19.41789748,0.390964379,0.477845352,1.172893136
1500000US220330043013,"Block Group 3, Census Tract 43.01, East Baton Rouge Parish, Louisiana",1392,439,7,7,0,22,1867,74.55811462,23.51365828,0.374933048,0.374933048,1.178361007
1500000US220330043014,"Block Group 4, Census Tract 43.01, East Baton Rouge Parish, Louisiana",1638,35,2,9,1,16,1701,96.2962963,2.057613169,0.117577895,0.529100529,0.940623163
1500000US220330043021,"Block Group 1, Census Tract 43.02, East Baton Rouge Parish, Louisiana",1954,102,11,3,0,11,2081,93.89716482,4.901489668,0.528592023,0.144161461,0.528592023
1500000US220330043022,"Block Group 2, Census Tract 43.02, East Baton Rouge Parish, Louisiana",1353,30,6,12,0,19,1420,95.28169014,2.112676056,0.422535211,0.845070423,1.338028169
1500000US220330043023,"Block Group 3, Census Tract 43.02, East Baton Rouge Parish, Louisiana",1773,102,7,7,0,16,1905,93.07086614,5.354330709,0.367454068,0.367454068,0.839895013
1500000US220330044011,"Block Group 1, Census Tract 44.01, East Baton Rouge Parish, Louisiana",1264,76,12,4,0,75,1431,88.32983927,5.310971349,0.838574423,0.279524808,5.241090147
1500000US220330044012,"Block Group 2, Census Tract 44.01, East Baton Rouge Parish, Louisiana",887,276,4,16,1,55,1239,71.58999193,22.27602906,0.322841001,1.291364003,4.439063761
1500000US220330044013,"Block Group 3, Census Tract 44.01, East Baton Rouge Parish, Louisiana",1641,628,2,35,2,11,2319,70.76326003,27.08063821,0.086244071,1.509271238,0.474342389
1500000US220330044021,"Block Group 1, Census Tract 44.02, East Baton Rouge Parish, Louisiana",1252,81,9,8,0,17,1367,91.5874177,5.925384053,0.658376006,0.585223116,1.243599122
1500000US220330044022,"Block Group 2, Census Tract 44.02, East Baton Rouge Parish, Louisiana",1889,330,9,52,0,33,2313,81.66882836,14.26718547,0.389105058,2.248162559,1.426718547
1500000US220330044023,"Block Group 3, Census Tract 44.02, East Baton Rouge Parish, Louisiana",1820,555,6,21,0,153,2555,71.23287671,21.7221135,0.234833659,0.821917808,5.988258317
1500000US220330044031,"Block Group 1, Census Tract 44.03, East Baton Rouge Parish, Louisiana",1658,158,0,13,0,20,1849,89.67009194,8.545159546,0,0.703082747,1.081665765
1500000US220330044032,"Block Group 2, Census Tract 44.03, East Baton Rouge Parish, Louisiana",1258,255,5,20,0,13,1551,81.10896196,16.4410058,0.322372663,1.289490651,0.838168923
1500000US220330044033,"Block Group 3, Census Tract 44.03, East Baton Rouge Parish, Louisiana",1036,49,1,13,0,37,1136,91.1971831,4.313380282,0.088028169,1.144366197,3.257042254
1500000US220330044034,"Block Group 4, Census Tract 44.03, East Baton Rouge Parish, Louisiana",538,103,0,5,0,15,661,81.39183056,15.58245083,0,0.756429652,2.269288956
1500000US220330044035,"Block Group 5, Census Tract 44.03, East Baton Rouge Parish, Louisiana",108,604,1,6,0,91,810,13.33333333,74.56790123,0.12345679,0.740740741,11.2345679
1500000US220330045031,"Block Group 1, Census Tract 45.03, East Baton Rouge Parish, Louisiana",330,848,17,65,0,198,1458,22.63374486,58.16186557,1.165980796,4.458161866,13.58024691
1500000US220330045032,"Block Group 2, Census Tract 45.03, East Baton Rouge Parish, Louisiana",417,637,6,44,0,113,1217,34.26458505,52.34182416,0.493015612,3.615447823,9.285127362
1500000US220330045033,"Block Group 3, Census Tract 45.03, East Baton Rouge Parish, Louisiana",541,876,11,80,0,430,1938,27.91537668,45.20123839,0.567595459,4.127966976,22.1878225
1500000US220330045034,"Block Group 4, Census Tract 45.03, East Baton Rouge Parish, Louisiana",189,935,9,243,0,246,1622,11.65228113,57.64488286,0.55487053,14.98150432,15.16646116
1500000US220330045041,"Block Group 1, Census Tract 45.04, East Baton Rouge Parish, Louisiana",822,442,18,175,0,757,2214,37.12737127,19.96386631,0.81300813,7.904245709,34.19150858
1500000US220330045042,"Block Group 2, Census Tract 45.04, East Baton Rouge Parish, Louisiana",794,1003,2,110,0,137,2046,38.80742913,49.02248289,0.097751711,5.376344086,6.69599218
1500000US220330045043,"Block Group 3, Census Tract 45.04, East Baton Rouge Parish, Louisiana",640,981,10,151,1,99,1882,34.0063762,52.12539851,0.531349628,8.023379384,5.260361318
1500000US220330045071,"Block Group 1, Census Tract 45.07, East Baton Rouge Parish, Louisiana",1015,203,0,111,0,28,1357,74.79734709,14.95946942,0,8.179808401,2.063375092
1500000US220330045072,"Block Group 2, Census Tract 45.07, East Baton Rouge Parish, Louisiana",1267,273,1,60,0,23,1624,78.01724138,16.81034483,0.061576355,3.694581281,1.416256158
1500000US220330045073,"Block Group 3, Census Tract 45.07, East Baton Rouge Parish, Louisiana",615,590,3,33,0,44,1285,47.85992218,45.91439689,0.233463035,2.568093385,3.424124514
1500000US220330045074,"Block Group 4, Census Tract 45.07, East Baton Rouge Parish, Louisiana",703,211,4,76,0,17,1011,69.53511375,20.87042532,0.395647873,7.517309594,1.681503462
1500000US220330045091,"Block Group 1, Census Tract 45.09, East Baton Rouge Parish, Louisiana",1225,598,3,61,0,124,2011,60.91496768,29.73644953,0.149179513,3.033316758,6.166086524
1500000US220330045092,"Block Group 2, Census Tract 45.09, East Baton Rouge Parish, Louisiana",1147,803,16,33,0,29,2028,56.5581854,39.59566075,0.788954635,1.627218935,1.429980276
1500000US220330045093,"Block Group 3, Census Tract 45.09, East Baton Rouge Parish, Louisiana",1785,872,7,84,0,62,2810,63.52313167,31.03202847,0.24911032,2.989323843,2.206405694
1500000US220330045111,"Block Group 1, Census Tract 45.11, East Baton Rouge Parish, Louisiana",1291,995,6,152,0,91,2535,50.9270217,39.2504931,0.236686391,5.996055227,3.58974359
1500000US220330045112,"Block Group 2, Census Tract 45.11, East Baton Rouge Parish, Louisiana",488,1050,6,16,0,197,1757,27.77461582,59.76095618,0.341491178,0.910643142,11.21229368
1500000US220330045113,"Block Group 3, Census Tract 45.11, East Baton Rouge Parish, Louisiana",139,358,1,34,0,48,580,23.96551724,61.72413793,0.172413793,5.862068966,8.275862069
1500000US220330045121,"Block Group 1, Census Tract 45.12, East Baton Rouge Parish, Louisiana",202,544,0,18,0,33,797,25.34504391,68.25595985,0,2.25846926,4.140526976
1500000US220330045122,"Block Group 2, Census Tract 45.12, East Baton Rouge Parish, Louisiana",1252,399,2,272,0,23,1948,64.27104723,20.4825462,0.102669405,13.96303901,1.180698152
1500000US220330045131,"Block Group 1, Census Tract 45.13, East Baton Rouge Parish, Louisiana",1944,499,3,204,2,46,2698,72.05337287,18.49518162,0.111193477,7.561156412,1.704966642
1500000US220330045132,"Block Group 2, Census Tract 45.13, East Baton Rouge Parish, Louisiana",1654,89,6,29,1,14,1793,92.24762967,4.963747909,0.33463469,1.617401004,0.780814278
1500000US220330045141,"Block Group 1, Census Tract 45.14, East Baton Rouge Parish, Louisiana",1705,73,2,44,0,8,1832,93.06768559,3.984716157,0.109170306,2.401746725,0.436681223
1500000US220330045142,"Block Group 2, Census Tract 45.14, East Baton Rouge Parish, Louisiana",901,113,5,22,0,14,1055,85.4028436,10.71090047,0.473933649,2.085308057,1.327014218
1500000US220330045151,"Block Group 1, Census Tract 45.15, East Baton Rouge Parish, Louisiana",974,225,4,48,0,34,1285,75.79766537,17.50972763,0.311284047,3.73540856,2.645914397
1500000US220330045152,"Block Group 2, Census Tract 45.15, East Baton Rouge Parish, Louisiana",1505,104,8,38,1,31,1687,89.21161826,6.164789567,0.474214582,2.252519265,1.837581506
1500000US220330045153,"Block Group 3, Census Tract 45.15, East Baton Rouge Parish, Louisiana",1266,141,5,29,0,16,1457,86.89087165,9.677419355,0.343170899,1.990391215,1.098146877
1500000US220330045161,"Block Group 1, Census Tract 45.16, East Baton Rouge Parish, Louisiana",703,194,0,44,1,48,990,71.01010101,19.5959596,0,4.444444444,4.848484848
1500000US220330045162,"Block Group 2, Census Tract 45.16, East Baton Rouge Parish, Louisiana",2131,486,13,114,1,57,2802,76.05281941,17.34475375,0.463954318,4.068522484,2.034261242
1500000US220330046021,"Block Group 1, Census Tract 46.02, East Baton Rouge Parish, Louisiana",1315,1649,9,19,4,16,3012,43.65869854,54.74767596,0.298804781,0.630810093,0.531208499
1500000US220330046022,"Block Group 2, Census Tract 46.02, East Baton Rouge Parish, Louisiana",569,637,7,17,0,6,1236,46.03559871,51.53721683,0.566343042,1.375404531,0.485436893
1500000US220330046023,"Block Group 3, Census Tract 46.02, East Baton Rouge Parish, Louisiana",751,1211,3,18,1,6,1990,37.73869347,60.85427136,0.150753769,0.904522613,0.301507538
1500000US220330046031,"Block Group 1, Census Tract 46.03, East Baton Rouge Parish, Louisiana",168,789,0,2,2,7,968,17.3553719,81.50826446,0,0.20661157,0.723140496
1500000US220330046032,"Block Group 2, Census Tract 46.03, East Baton Rouge Parish, Louisiana",917,2103,2,69,0,36,3127,29.32523185,67.25295811,0.063959066,2.206587784,1.151263192
1500000US220330046033,"Block Group 3, Census Tract 46.03, East Baton Rouge Parish, Louisiana",1323,684,6,13,1,9,2036,64.98035363,33.59528487,0.294695481,0.638506876,0.442043222
1500000US220330046051,"Block Group 1, Census Tract 46.05, East Baton Rouge Parish, Louisiana",1231,1089,8,42,0,22,2392,51.4632107,45.52675585,0.334448161,1.755852843,0.919732441
1500000US220330046052,"Block Group 2, Census Tract 46.05, East Baton Rouge Parish, Louisiana",1866,1327,0,34,0,22,3249,57.43305633,40.84333641,0,1.046475839,0.677131425
1500000US220330046053,"Block Group 3, Census Tract 46.05, East Baton Rouge Parish, Louisiana",1025,227,0,14,1,9,1276,80.32915361,17.78996865,0,1.097178683,0.705329154
1500000US220330046061,"Block Group 1, Census Tract 46.06, East Baton Rouge Parish, Louisiana",1594,1768,6,66,0,30,3464,46.01616628,51.03926097,0.173210162,1.905311778,0.866050808
1500000US220330046062,"Block Group 2, Census Tract 46.06, East Baton Rouge Parish, Louisiana",503,106,2,11,0,6,628,80.0955414,16.87898089,0.318471338,1.751592357,0.955414013
1500000US220330046063,"Block Group 3, Census Tract 46.06, East Baton Rouge Parish, Louisiana",1045,430,3,18,0,17,1513,69.06807667,28.42035691,0.19828156,1.189689359,1.123595506
1500000US220330047001,"Block Group 1, Census Tract 47, East Baton Rouge Parish, Louisiana",1191,250,4,1,0,5,1451,82.08132323,17.2294969,0.27567195,0.068917988,0.344589938
1500000US220330047002,"Block Group 2, Census Tract 47, East Baton Rouge Parish, Louisiana",589,461,3,1,0,8,1062,55.4613936,43.4086629,0.282485876,0.094161959,0.753295669
1500000US220330047003,"Block Group 3, Census Tract 47, East Baton Rouge Parish, Louisiana",899,708,11,1,0,24,1643,54.71698113,43.09190505,0.669506999,0.060864273,1.460742544
1500000US220330047004,"Block Group 4, Census Tract 47, East Baton Rouge Parish, Louisiana",980,80,1,3,0,5,1069,91.67446211,7.48362956,0.09354537,0.280636109,0.467726848
1500000US220330048001,"Block Group 1, Census Tract 48, East Baton Rouge Parish, Louisiana",1524,246,1,113,0,23,1907,79.91609858,12.89984268,0.052438385,5.925537493,1.206082853
1500000US220330048002,"Block Group 2, Census Tract 48, East Baton Rouge Parish, Louisiana",675,14,1,18,0,5,713,94.67040673,1.963534362,0.140252454,2.52454418,0.701262272
1500000US220330048003,"Block Group 3, Census Tract 48, East Baton Rouge Parish, Louisiana",812,255,1,89,1,21,1179,68.87192536,21.62849873,0.084817642,7.548770144,1.781170483
1500000US220330049001,"Block Group 1, Census Tract 49, East Baton Rouge Parish, Louisiana",645,167,3,38,0,4,857,75.26254376,19.4865811,0.350058343,4.434072345,0.466744457
1500000US220330049002,"Block Group 2, Census Tract 49, East Baton Rouge Parish, Louisiana",519,27,5,31,0,10,592,87.66891892,4.560810811,0.844594595,5.236486486,1.689189189
1500000US220330049003,"Block Group 3, Census Tract 49, East Baton Rouge Parish, Louisiana",1597,54,0,105,0,11,1767,90.37917374,3.056027165,0,5.942275042,0.622524052
1500000US220330049004,"Block Group 4, Census Tract 49, East Baton Rouge Parish, Louisiana",905,67,1,65,0,9,1047,86.43744031,6.399235912,0.095510984,6.208213945,0.859598854
1500000US220330050001,"Block Group 1, Census Tract 50, East Baton Rouge Parish, Louisiana",1277,49,5,46,1,11,1389,91.93664507,3.527717783,0.359971202,3.311735061,0.791936645
1500000US220330050002,"Block Group 2, Census Tract 50, East Baton Rouge Parish, Louisiana",756,25,0,22,1,7,811,93.21824908,3.082614057,0,2.71270037,0.863131936
1500000US220330050003,"Block Group 3, Census Tract 50, East Baton Rouge Parish, Louisiana",556,85,0,18,0,15,674,82.4925816,12.61127596,0,2.670623145,2.225519288
1500000US220330051001,"Block Group 1, Census Tract 51, East Baton Rouge Parish, Louisiana",15,946,0,0,0,0,961,1.560874089,98.43912591,0,0,0
1500000US220330051002,"Block Group 2, Census Tract 51, East Baton Rouge Parish, Louisiana",105,458,0,6,0,6,575,18.26086957,79.65217391,0,1.043478261,1.043478261
1500000US220330051003,"Block Group 3, Census Tract 51, East Baton Rouge Parish, Louisiana",1073,352,0,69,0,30,1524,70.40682415,23.09711286,0,4.527559055,1.968503937
1500000US220330052001,"Block Group 1, Census Tract 52, East Baton Rouge Parish, Louisiana",40,728,4,2,1,9,784,5.102040816,92.85714286,0.510204082,0.255102041,1.147959184
1500000US220330052002,"Block Group 2, Census Tract 52, East Baton Rouge Parish, Louisiana",480,499,5,30,0,25,1039,46.19826756,48.02694899,0.481231954,2.887391723,2.406159769
1500000US220330053001,"Block Group 1, Census Tract 53, East Baton Rouge Parish, Louisiana",46,588,0,2,2,5,643,7.153965785,91.44634526,0,0.311041991,0.777604977
1500000US220330053002,"Block Group 2, Census Tract 53, East Baton Rouge Parish, Louisiana",332,637,1,11,2,11,994,33.40040241,64.08450704,0.100603622,1.106639839,1.106639839
1500000US220330053003,"Block Group 3, Census Tract 53, East Baton Rouge Parish, Louisiana",255,1173,8,20,7,16,1479,17.24137931,79.31034483,0.540906018,1.352265044,1.081812035